antecedents,consequents,antecedent support,consequent support,support,confidence,lift,representativity,leverage,conviction,zhangs_metric,jaccard,certainty,kulczynski
"frozenset({'Issue_Type_Printer', 'Priority_Low'})",frozenset({'Device_Type_Printer'}),0.123,0.16783333333333333,0.123,1.0,5.958291956305859,1.0,0.1023565,inf,0.9488787533257317,0.7328699106256207,1.0,0.8664349553128103
frozenset({'Device_Type_Printer'}),frozenset({'Issue_Type_Printer'}),0.16783333333333333,0.16783333333333333,0.16783333333333333,1.0,5.958291956305859,1.0,0.13966530555555556,inf,1.0,1.0,1.0,1.0
frozenset({'Issue_Type_Printer'}),frozenset({'Device_Type_Printer'}),0.16783333333333333,0.16783333333333333,0.16783333333333333,1.0,5.958291956305859,1.0,0.13966530555555556,inf,1.0,1.0,1.0,1.0
frozenset({'Issue_Type_Printer'}),"frozenset({'Device_Type_Printer', 'Priority_Low'})",0.16783333333333333,0.123,0.123,0.7328699106256207,5.958291956305859,1.0,0.1023565,3.2830446096654278,1.0,0.7328699106256207,0.6954046871443793,0.8664349553128103
frozenset({'Device_Type_Printer'}),"frozenset({'Issue_Type_Printer', 'Priority_Low'})",0.16783333333333333,0.123,0.123,0.7328699106256207,5.958291956305859,1.0,0.1023565,3.2830446096654278,1.0,0.7328699106256207,0.6954046871443793,0.8664349553128103
"frozenset({'Device_Type_Printer', 'Priority_Low'})",frozenset({'Issue_Type_Printer'}),0.123,0.16783333333333333,0.123,1.0,5.958291956305859,1.0,0.1023565,inf,0.9488787533257317,0.7328699106256207,1.0,0.8664349553128103
frozenset({'Device_Type_Router'}),frozenset({'Issue_Type_Network'}),0.08866666666666667,0.172,0.08866666666666667,1.0,5.813953488372094,1.0,0.07341600000000001,inf,0.908558888076079,0.5155038759689923,1.0,0.7577519379844961
"frozenset({'Priority_Medium', 'Device_Type_Router'})",frozenset({'Issue_Type_Network'}),0.06066666666666667,0.172,0.06066666666666667,1.0,5.813953488372094,1.0,0.050232,inf,0.8814762242725337,0.35271317829457366,1.0,0.6763565891472868
frozenset({'Device_Type_Router'}),"frozenset({'Issue_Type_Network', 'Priority_Medium'})",0.08866666666666667,0.11966666666666667,0.06066666666666667,0.6842105263157895,5.717636710159801,1.0,0.050056222222222224,2.7877222222222224,0.9053795509538012,0.4108352144469526,0.6412842025548536,0.5955871573083126
"frozenset({'Priority_High', 'Device_Type_Server'})",frozenset({'Issue_Type_Security'}),0.08733333333333333,0.1615,0.058166666666666665,0.666030534351145,4.1240280764776776,1.0,0.04406233333333333,2.5107085714285713,0.8300057976353182,0.30506993006993005,0.6017060636268873,0.5130978265150978
frozenset({'Issue_Type_Printer'}),frozenset({'Priority_Low'}),0.16783333333333333,0.2455,0.123,0.7328699106256207,2.985213485236744,1.0,0.08179691666666666,2.8244665427509292,0.7991374916753373,0.42365097588978184,0.6459508424461508,0.6169441202822604
"frozenset({'Device_Type_Printer', 'Issue_Type_Printer'})",frozenset({'Priority_Low'}),0.16783333333333333,0.2455,0.123,0.7328699106256207,2.985213485236744,1.0,0.08179691666666666,2.8244665427509292,0.7991374916753373,0.42365097588978184,0.6459508424461508,0.6169441202822604
frozenset({'Device_Type_Printer'}),frozenset({'Priority_Low'}),0.16783333333333333,0.2455,0.123,0.7328699106256207,2.985213485236744,1.0,0.08179691666666666,2.8244665427509292,0.7991374916753373,0.42365097588978184,0.6459508424461508,0.6169441202822604
frozenset({'Issue_Type_Security'}),frozenset({'Priority_High'}),0.1615,0.25783333333333336,0.12216666666666667,0.7564499484004128,2.933871810214917,1.0,0.08052658333333333,3.0472860169491525,0.7861102908217347,0.4111048794167134,0.6718391399960648,0.615135122875061
"frozenset({'Device_Type_Server', 'Issue_Type_Security'})",frozenset({'Priority_High'}),0.07966666666666666,0.25783333333333336,0.058166666666666665,0.7301255230125523,2.831773198497294,1.0,0.03762594444444444,2.7500439276485786,0.7028587914556932,0.2082338902147971,0.6363694448855409,0.47786172724641834
frozenset({'Issue_Type_Network'}),frozenset({'Priority_Medium'}),0.172,0.49666666666666665,0.11966666666666667,0.6957364341085273,1.4008116122990482,1.0,0.03424000000000002,1.6542675159235678,0.3455653788704535,0.21797207043108685,0.39550284922223955,0.46833801571198175
"frozenset({'Issue_Type_Network', 'Device_Type_Router'})",frozenset({'Priority_Medium'}),0.08866666666666667,0.49666666666666665,0.06066666666666667,0.6842105263157895,1.377605086541858,1.0,0.016628888888888887,1.5938888888888891,0.30077091891283547,0.1156289707750953,0.37260369466713145,0.40317908866125046
frozenset({'Device_Type_Router'}),frozenset({'Priority_Medium'}),0.08866666666666667,0.49666666666666665,0.06066666666666667,0.6842105263157895,1.377605086541858,1.0,0.016628888888888887,1.5938888888888891,0.30077091891283547,0.1156289707750953,0.37260369466713145,0.40317908866125046
frozenset({'Issue_Type_Login'}),frozenset({'Priority_Medium'}),0.16166666666666665,0.49666666666666665,0.10183333333333333,0.6298969072164949,1.2682488064761643,1.0,0.0215388888888889,1.359981429897865,0.25229962288462365,0.18298891883797544,0.2646958421519767,0.4174652321317374
